project_id,bug_id,sloc,sloc_total
Chart,1,13269,96382
Chart,1,13269,96382
Chart,2,2515,96344
Chart,3,1571,96317
Chart,4,46751,94583
Chart,5,524,89343
Chart,6,1088,84679
Chart,7,939,84476
Chart,8,381,84473
Chart,9,1930,84467
Chart,10,141,84482
Chart,11,302,84457
Chart,12,8946,84459
Chart,13,1723,84358
Chart,14,11601,84374
Chart,15,23139,84129
Chart,16,656,84129
Chart,17,2173,83762
Chart,18,749,83754
Chart,19,8467,83351
Chart,20,969,80508
Chart,21,1186,80336
Chart,22,420,80307
Chart,23,8560,80038
Chart,24,65,79949
Chart,25,21450,79811
Chart,26,39569,78564
Cli,1,1081,1936
Cli,2,1082,1937
Cli,3,1335,1945
Cli,4,1065,1949
Cli,5,960,1951
Cli,7,1699,3883
Cli,8,412,1975
Cli,9,1119,1984
Cli,10,1230,2001
Cli,11,861,1952
Cli,12,1021,1940
Cli,13,1812,3883
Cli,14,2248,3938
Cli,15,2160,3935
Cli,16,2698,3946
Cli,17,1035,1992
Cli,18,1032,1989
Cli,19,1029,1986
Cli,20,1028,1985
Cli,21,2276,3980
Cli,22,1136,1945
Cli,23,944,1970
Cli,24,846,1974
Cli,25,845,1973
Cli,26,446,1974
Cli,27,1405,2049
Cli,28,1257,2436
Cli,29,33,2478
Cli,30,1694,2485
Cli,31,1036,2502
Cli,32,427,2500
Cli,33,556,2498
Cli,34,1815,2517
Cli,35,1276,2661
Cli,36,700,2665
Cli,37,1286,2671
Cli,38,1292,2677
Cli,39,1547,2752
Cli,40,247,2790
Closure,1,59900,90840
Closure,2,38277,90679
Closure,3,42025,90856
Closure,4,39324,90826
Closure,5,35979,90412
Closure,6,39131,90382
Closure,7,31520,90046
Closure,8,34249,89451
Closure,9,9240,89433
Closure,10,35443,89474
Closure,11,37902,89070
Closure,12,41184,88743
Closure,13,53195,88699
Closure,14,40910,88630
Closure,15,40292,88609
Closure,16,45013,88635
Closure,17,37565,88630
Closure,18,39905,88631
Closure,19,36828,88630
Closure,20,35833,88540
Closure,21,35326,88557
Closure,22,35332,88563
Closure,23,35119,88165
Closure,24,32359,87935
Closure,25,36341,87900
Closure,26,55044,87895
Closure,27,2244,87822
Closure,28,37246,87817
Closure,29,59847,87804
Closure,30,39702,86972
Closure,31,38143,86947
Closure,32,39624,86935
Closure,33,37093,86885
Closure,34,7159,86804
Closure,35,37005,86112
Closure,36,57251,86083
Closure,37,37963,85977
Closure,38,27490,85760
Closure,39,7720,85620
Closure,40,41115,85615
Closure,41,36313,85494
Closure,42,9353,85480
Closure,43,36285,85461
Closure,44,26591,84329
Closure,45,33570,84294
Closure,46,8157,84609
Closure,47,36716,84181
Closure,48,34735,84061
Closure,49,38136,91817
Closure,50,32724,91535
Closure,51,26519,91424
Closure,52,26522,91179
Closure,53,33303,90491
Closure,54,39587,89912
Closure,55,36565,89634
Closure,56,24133,89488
Closure,57,24885,89381
Closure,58,29846,89264
Closure,59,52583,88078
Closure,60,56685,87518
Closure,61,31233,87348
Closure,62,385,87356
Closure,64,48258,86753
Closure,65,25332,86709
Closure,66,33877,86621
Closure,67,31146,86603
Closure,68,11893,86587
Closure,69,34265,86613
Closure,70,34952,86123
Closure,71,33914,83431
Closure,72,33812,82968
Closure,73,24643,81803
Closure,74,31135,81211
Closure,75,30330,80903
Closure,76,30496,79627
Closure,77,24473,79581
Closure,78,30046,79582
Closure,79,30293,79165
Closure,80,22636,79124
Closure,81,9865,78783
Closure,82,32035,77966
Closure,83,42977,77476
Closure,84,9846,77220
Closure,85,28147,77032
Closure,86,35947,76517
Closure,87,27409,76414
Closure,88,45008,76381
Closure,89,32783,75581
Closure,90,30546,75501
Closure,91,28357,75412
Closure,92,25235,75331
Closure,94,27571,75107
Closure,95,31469,71117
Closure,96,29623,70900
Closure,97,23975,67856
Closure,98,24053,66559
Closure,99,25338,66547
Closure,100,22491,66339
Closure,101,36564,63223
Closure,102,39895,62672
Closure,103,30845,62661
Closure,104,6557,62661
Closure,105,22926,61682
Closure,106,24467,59026
Closure,107,66899,104559
Closure,108,43224,104548
Closure,109,13452,104162
Closure,110,42985,103295
Closure,111,34632,95570
Closure,112,41479,95094
Closure,113,36731,95089
Closure,114,41010,95089
Closure,115,41929,95087
Closure,116,46475,95072
Closure,117,41381,94992
Closure,118,46808,94991
Closure,119,42072,94990
Closure,120,39268,94928
Closure,121,39282,94942
Closure,122,11262,94807
Closure,123,31161,94524
Closure,124,37452,94266
Closure,125,40278,93555
Closure,126,35173,91779
Closure,127,35984,91770
Closure,128,29128,91498
Closure,129,55133,91495
Closure,130,41099,91415
Closure,131,35079,91413
Closure,132,36243,91353
Closure,133,12857,91313
Closure,134,30695,60868
Closure,135,29998,61563
Closure,136,25307,63047
Closure,137,24363,63086
Closure,138,28368,63140
Closure,139,23072,63180
Closure,140,22167,63211
Closure,141,35504,63241
Closure,142,28153,63783
Closure,143,37866,63799
Closure,144,33434,66985
Closure,145,15676,67057
Closure,146,19135,67296
Closure,147,31602,67536
Closure,148,26590,67653
Closure,149,38741,69085
Closure,150,31300,71081
Closure,151,39233,71259
Closure,152,30526,75480
Closure,153,30558,76196
Closure,154,32919,79093
Closure,155,33599,80576
Closure,156,35705,80719
Closure,157,36728,80918
Closure,158,46870,81115
Closure,159,33854,81798
Closure,160,34006,86521
Closure,161,32363,88667
Closure,162,35959,89935
Closure,163,32406,84022
Closure,164,36600,85686
Closure,165,37330,87901
Closure,166,37016,88690
Closure,167,38176,88706
Closure,168,37729,88793
Closure,169,38171,90054
Closure,170,43239,92378
Closure,171,44114,94333
Closure,172,41159,94808
Closure,173,38449,94972
Closure,174,42931,95070
Closure,175,46213,104133
Closure,176,41761,104475
Codec,1,1324,2584
Codec,2,544,2839
Codec,3,793,2971
Codec,4,469,2994
Codec,5,661,2995
Codec,6,597,3223
Codec,7,630,3227
Codec,8,522,3212
Codec,9,457,3761
Codec,10,109,3458
Codec,11,283,4554
Codec,12,959,4761
Codec,13,798,5828
Codec,14,1036,5899
Codec,15,153,6603
Codec,16,489,6589
Codec,17,114,7950
Codec,18,125,7953
Collections,25,957,26409
Collections,26,81,27596
Collections,27,425,27596
Collections,28,1808,28533
Compress,1,2099,6740
Compress,2,2204,7139
Compress,3,4139,7348
Compress,4,3577,7354
Compress,5,1282,7534
Compress,6,247,7576
Compress,7,101,8324
Compress,8,110,8365
Compress,9,4088,11219
Compress,10,5595,11523
Compress,11,3592,11616
Compress,12,4170,11620
Compress,13,3568,11624
Compress,14,1176,11628
Compress,15,1387,12192
Compress,16,4992,12221
Compress,17,1678,12317
Compress,18,4903,12331
Compress,19,3568,14767
Compress,20,4419,15049
Compress,21,7654,17168
Compress,22,2361,17140
Compress,23,7152,17128
Compress,24,503,17156
Compress,25,3217,17153
Compress,26,67,17471
Compress,27,500,17524
Compress,28,1632,17520
Compress,29,8068,18562
Compress,30,2349,18582
Compress,31,5412,18585
Compress,32,2154,18692
Compress,33,3795,18692
Compress,34,648,18739
Compress,35,7690,19306
Compress,36,7710,19410
Compress,37,1725,19417
Compress,38,1727,19419
Compress,39,4358,19451
Compress,40,57,19451
Compress,41,8353,20231
Compress,42,5413,20806
Compress,43,5838,22428
Compress,44,42,22599
Compress,45,496,22609
Compress,46,363,22732
Compress,47,3191,23285
Csv,1,634,806
Csv,2,59,1121
Csv,3,926,1155
Csv,4,911,1215
Csv,5,612,1234
Csv,6,1005,1245
Csv,7,1007,1247
Csv,8,378,1268
Csv,9,1027,1267
Csv,10,636,1273
Csv,11,1067,1309
Csv,12,1058,1300
Csv,13,1419,1420
Csv,14,840,1533
Csv,15,907,1621
Csv,16,1501,1632
Gson,1,4374,5378
Gson,2,5069,7263
Gson,3,5155,7280
Gson,4,1431,7639
Gson,5,644,7629
Gson,6,5423,7631
Gson,7,5219,7634
Gson,8,61,7652
Gson,9,310,7665
Gson,10,5451,7693
Gson,11,5482,7784
Gson,12,2368,7790
Gson,13,1116,7797
Gson,14,5570,7797
Gson,15,319,7826
Gson,16,5496,7826
Gson,17,2051,7836
Gson,18,6057,7883
JacksonCore,1,13159,15859
JacksonCore,2,12983,16068
JacksonCore,3,13106,16289
JacksonCore,4,1248,15655
JacksonCore,5,908,15675
JacksonCore,6,908,15675
JacksonCore,7,9382,16075
JacksonCore,8,1281,16989
JacksonCore,9,14194,17388
JacksonCore,10,14469,18916
JacksonCore,11,14381,18920
JacksonCore,12,10470,18564
JacksonCore,13,10365,18621
JacksonCore,14,1444,18634
JacksonCore,15,12177,18631
JacksonCore,16,13341,21328
JacksonCore,17,10079,18649
JacksonCore,18,10130,18700
JacksonCore,19,14053,18704
JacksonCore,20,12826,21459
JacksonCore,21,15569,22524
JacksonCore,22,17384,24299
JacksonCore,23,15671,25842
JacksonCore,24,20816,25951
JacksonCore,25,16478,25207
JacksonCore,26,16976,25991
JacksonDatabind,1,30662,42952
JacksonDatabind,2,34872,46014
JacksonDatabind,3,31844,46079
JacksonDatabind,4,36000,46059
JacksonDatabind,5,34375,46089
JacksonDatabind,6,33211,46089
JacksonDatabind,7,35814,46124
JacksonDatabind,8,39552,49353
JacksonDatabind,9,35978,49403
JacksonDatabind,10,35960,49568
JacksonDatabind,11,40093,49602
JacksonDatabind,12,36341,46253
JacksonDatabind,13,39452,49642
JacksonDatabind,14,41451,49648
JacksonDatabind,15,36725,49661
JacksonDatabind,16,36664,49715
JacksonDatabind,17,34253,46286
JacksonDatabind,18,40556,50634
JacksonDatabind,19,38383,50723
JacksonDatabind,20,39665,49747
JacksonDatabind,21,38022,50957
JacksonDatabind,22,36426,51382
JacksonDatabind,23,37973,51521
JacksonDatabind,24,34894,51675
JacksonDatabind,25,40687,51677
JacksonDatabind,26,44957,51711
JacksonDatabind,27,42591,51729
JacksonDatabind,28,41141,51747
JacksonDatabind,29,42393,51853
JacksonDatabind,30,44198,51865
JacksonDatabind,31,34562,51882
JacksonDatabind,32,41296,51908
JacksonDatabind,33,38444,51920
JacksonDatabind,34,40459,53693
JacksonDatabind,35,41655,49782
JacksonDatabind,36,36489,53831
JacksonDatabind,37,43789,53842
JacksonDatabind,38,43020,53890
JacksonDatabind,39,42675,51951
JacksonDatabind,40,38965,53922
JacksonDatabind,41,37316,53922
JacksonDatabind,42,37333,51960
JacksonDatabind,43,43063,53970
JacksonDatabind,44,44652,53971
JacksonDatabind,45,40576,53998
JacksonDatabind,46,34869,51963
JacksonDatabind,47,40787,54207
JacksonDatabind,48,39470,54231
JacksonDatabind,49,42393,51964
JacksonDatabind,50,46876,55517
JacksonDatabind,51,47247,55527
JacksonDatabind,52,45545,55529
JacksonDatabind,53,42979,54287
JacksonDatabind,54,41571,55733
JacksonDatabind,55,40652,54370
JacksonDatabind,56,39966,54396
JacksonDatabind,57,44102,54410
JacksonDatabind,58,43673,54410
JacksonDatabind,59,46735,55852
JacksonDatabind,60,48590,55896
JacksonDatabind,61,47489,55983
JacksonDatabind,62,41095,54336
JacksonDatabind,63,45977,56019
JacksonDatabind,64,41976,56025
JacksonDatabind,65,41004,56067
JacksonDatabind,66,46119,56042
JacksonDatabind,67,42614,56048
JacksonDatabind,68,44199,56055
JacksonDatabind,69,43677,54366
JacksonDatabind,70,44087,56126
JacksonDatabind,71,38595,54370
JacksonDatabind,72,44058,54378
JacksonDatabind,73,45818,56155
JacksonDatabind,74,45532,56154
JacksonDatabind,75,42190,56172
JacksonDatabind,76,45500,56222
JacksonDatabind,77,44703,54394
JacksonDatabind,78,46034,56237
JacksonDatabind,79,41045,54419
JacksonDatabind,80,40316,59503
JacksonDatabind,81,48344,59507
JacksonDatabind,82,45952,56329
JacksonDatabind,83,43477,56329
JacksonDatabind,84,42055,56334
JacksonDatabind,85,42285,56336
JacksonDatabind,86,42084,56363
JacksonDatabind,87,40959,56370
JacksonDatabind,88,45965,56392
JacksonDatabind,89,46450,56396
JacksonDatabind,90,43905,56522
JacksonDatabind,91,44346,56530
JacksonDatabind,92,45019,54433
JacksonDatabind,93,45873,56573
JacksonDatabind,94,44824,54474
JacksonDatabind,95,6699,56596
JacksonDatabind,96,48399,60951
JacksonDatabind,97,43502,60951
JacksonDatabind,98,52154,60954
JacksonDatabind,99,6699,56600
JacksonDatabind,100,41577,60968
JacksonDatabind,101,49499,60969
JacksonDatabind,102,44489,60979
JacksonDatabind,103,46294,60986
JacksonDatabind,104,44499,61044
JacksonDatabind,105,48959,61064
JacksonDatabind,106,43959,61646
JacksonDatabind,107,50368,61074
JacksonDatabind,108,42534,61676
JacksonDatabind,109,46421,61759
JacksonDatabind,110,46284,61084
JacksonDatabind,111,49190,61086
JacksonDatabind,112,48895,61092
JacksonXml,1,4319,4667
JacksonXml,2,4281,4680
JacksonXml,3,2377,4679
JacksonXml,4,3973,4707
JacksonXml,5,4218,4849
JacksonXml,6,4218,4849
Jsoup,1,2127,2546
Jsoup,2,2127,2546
Jsoup,3,2162,2581
Jsoup,4,2217,5502
Jsoup,5,4476,5502
Jsoup,6,5242,6125
Jsoup,7,4915,6155
Jsoup,8,5214,6176
Jsoup,9,2239,6179
Jsoup,10,5206,6245
Jsoup,11,5294,6257
Jsoup,12,5396,6883
Jsoup,13,9353,10522
Jsoup,14,9291,10571
Jsoup,15,8892,10634
Jsoup,16,4222,10621
Jsoup,17,8539,10623
Jsoup,18,8613,10625
Jsoup,19,8979,10642
Jsoup,20,8738,10948
Jsoup,21,9733,10949
Jsoup,22,9587,10977
Jsoup,23,9608,10998
Jsoup,24,8857,11016
Jsoup,25,7510,8904
Jsoup,26,7124,8986
Jsoup,27,85,8990
Jsoup,28,7664,8991
Jsoup,29,7580,8979
Jsoup,30,7144,9029
Jsoup,31,5417,9048
Jsoup,32,7684,9108
Jsoup,33,7098,9440
Jsoup,34,6998,9441
Jsoup,35,7099,9441
Jsoup,36,8177,9519
Jsoup,37,8002,9537
Jsoup,38,7074,9536
Jsoup,39,8118,9617
Jsoup,40,7229,9629
Jsoup,41,8303,10210
Jsoup,42,9144,10217
Jsoup,43,8420,10298
Jsoup,44,7669,10298
Jsoup,45,7768,10352
Jsoup,46,8618,10352
Jsoup,47,8476,10361
Jsoup,48,951,10410
Jsoup,49,2670,10464
Jsoup,50,7993,10457
Jsoup,51,8489,10464
Jsoup,52,7222,10575
Jsoup,53,8538,10560
Jsoup,54,8683,10593
Jsoup,55,8723,10760
Jsoup,56,8010,10794
Jsoup,57,8953,10817
Jsoup,58,8814,10970
Jsoup,59,8812,10991
Jsoup,60,1337,10988
Jsoup,61,9066,11014
Jsoup,62,8113,11126
Jsoup,63,8901,11297
Jsoup,64,8109,11286
Jsoup,65,8885,11532
Jsoup,66,8706,11664
Jsoup,67,9398,11773
Jsoup,68,9453,11787
Jsoup,69,10592,11791
Jsoup,70,8424,11793
Jsoup,71,9572,11796
Jsoup,72,8220,11833
Jsoup,73,8852,11845
Jsoup,74,9497,11849
Jsoup,75,9269,11923
Jsoup,76,9273,11927
Jsoup,77,7004,11931
Jsoup,78,9907,11938
Jsoup,79,9581,11943
Jsoup,80,8052,11939
Jsoup,81,9915,11977
Jsoup,82,9900,11941
Jsoup,83,8587,11944
Jsoup,84,8706,11951
Jsoup,85,187,12015
Jsoup,86,7417,12016
Jsoup,87,8579,12016
Jsoup,88,8562,12031
Jsoup,89,486,12031
Jsoup,90,4262,12037
Jsoup,91,6532,12043
Jsoup,92,9417,12095
Jsoup,93,10893,12128
JxPath,1,14886,19372
JxPath,2,15639,19377
JxPath,3,14351,19399
JxPath,4,13729,18925
JxPath,5,13298,18911
JxPath,6,12796,19027
JxPath,7,13342,19023
JxPath,8,13364,19071
JxPath,9,13434,19071
JxPath,10,14554,19073
JxPath,11,15661,19097
JxPath,12,14113,19111
JxPath,13,14956,19113
JxPath,14,15627,19137
JxPath,15,14642,19154
JxPath,16,14556,19129
JxPath,17,15577,19137
JxPath,18,15572,19132
JxPath,19,12900,18660
JxPath,20,12281,18747
JxPath,21,15432,18756
JxPath,22,13802,18764
Lang,1,2880,21779
Lang,3,2870,21713
Lang,4,115,21685
Lang,5,140,21549
Lang,6,5033,21481
Lang,7,3039,21495
Lang,8,1379,20363
Lang,9,1449,20433
Lang,10,1458,20442
Lang,11,105,20342
Lang,12,98,20335
Lang,13,127,20224
Lang,14,2176,19630
Lang,15,4001,19511
Lang,16,2927,19873
Lang,17,2497,18999
Lang,18,1007,18997
Lang,19,116,18970
Lang,20,2103,18967
Lang,21,582,18855
Lang,22,437,18870
Lang,23,836,18802
Lang,24,2653,18777
Lang,25,293,18775
Lang,26,832,18452
Lang,27,2849,18382
Lang,28,107,17806
Lang,29,1962,17794
Lang,30,3678,17622
Lang,31,3663,17591
Lang,32,2079,17301
Lang,33,2237,17302
Lang,34,1496,17310
Lang,35,1606,17078
Lang,36,2708,17072
Lang,37,1584,17058
Lang,38,1003,17048
Lang,39,1836,16983
Lang,40,1798,17428
Lang,41,440,17349
Lang,42,1180,18817
Lang,43,547,18817
Lang,44,331,18814
Lang,45,2063,18777
Lang,46,438,18013
Lang,47,1749,18490
Lang,48,373,18220
Lang,49,428,17974
Lang,50,826,17764
Lang,51,291,17028
Lang,52,369,17024
Lang,53,390,16979
Lang,54,134,16921
Lang,55,93,16919
Lang,56,996,16957
Lang,57,314,16955
Lang,58,2269,16961
Lang,59,1526,16943
Lang,60,1653,16920
Lang,61,1653,16920
Lang,62,779,16911
Lang,63,1893,16791
Lang,64,2034,16694
Lang,65,360,16593
Math,1,3966,84317
Math,2,9606,83799
Math,3,962,82747
Math,4,5420,82488
Math,5,526,81192
Math,6,22547,80941
Math,7,11343,80661
Math,8,2028,79951
Math,9,3492,79676
Math,10,3560,78085
Math,11,18752,77745
Math,12,10334,77743
Math,13,13655,77734
Math,14,11986,77731
Math,15,10428,70317
Math,16,10409,70295
Math,17,1844,68952
Math,18,18833,68684
Math,19,4708,68532
Math,20,18710,68531
Math,21,9287,67850
Math,22,10137,67816
Math,23,3953,67725
Math,24,3933,67559
Math,25,806,66355
Math,26,3623,64715
Math,27,3118,64715
Math,28,10336,64711
Math,29,5688,63611
Math,30,10597,63604
Math,31,11386,63423
Math,32,6766,63399
Math,33,9991,62768
Math,34,498,62729
Math,35,800,62696
Math,36,1033,62954
Math,37,8790,63219
Math,38,8735,62802
Math,39,10250,62791
Math,40,3340,63088
Math,41,2953,63106
Math,42,9954,63104
Math,43,9877,62837
Math,44,11243,62418
Math,45,2754,61766
Math,46,4124,54098
Math,47,4122,54096
Math,48,4881,54132
Math,49,5082,54340
Math,50,4852,54352
Math,51,4364,54296
Math,52,4540,52112
Math,53,1601,50306
Math,54,4073,45424
Math,55,2922,45063
Math,56,3861,45071
Math,57,4001,45112
Math,58,4241,44864
Math,59,4143,44061
Math,60,3256,43606
Math,61,3691,46842
Math,62,3635,46941
Math,63,2695,43924
Math,64,1307,42149
Math,65,7060,42040
Math,66,3340,41724
Math,67,1263,41312
Math,68,1167,40748
Math,69,6607,40752
Math,70,440,40758
Math,71,2284,39983
Math,72,477,38818
Math,73,701,38814
Math,74,9171,39597
Math,75,240,39464
Math,76,9366,39458
Math,77,8774,39407
Math,78,934,38954
Math,79,930,38886
Math,80,8142,38845
Math,81,8141,38844
Math,82,4228,38254
Math,83,4227,38253
Math,84,531,38235
Math,85,1048,37903
Math,86,3167,36135
Math,87,4211,36137
Math,88,4212,36116
Math,89,188,30903
Math,90,185,30900
Math,91,884,29987
Math,92,452,25424
Math,93,444,25286
Math,94,439,25034
Math,95,1003,19934
Math,96,251,19511
Math,97,429,16825
Math,98,1511,16725
Math,99,662,27144
Math,100,1158,16489
Math,101,240,16482
Math,102,2140,15793
Math,103,522,15381
Math,104,334,15297
Math,105,129,9929
Math,106,333,9471
Mockito,1,7335,10517
Mockito,2,3970,10998
Mockito,3,6233,10512
Mockito,4,5906,10951
Mockito,5,10433,10902
Mockito,6,6583,10903
Mockito,7,5105,10901
Mockito,8,360,10901
Mockito,9,6034,10741
Mockito,10,4933,10565
Mockito,11,2772,10472
Mockito,12,4110,7284
Mockito,13,4211,7287
Mockito,14,3818,7161
Mockito,15,3342,7562
Mockito,16,3219,6372
Mockito,17,2780,6364
Mockito,18,2942,10518
Mockito,19,4891,10519
Mockito,20,6328,11629
Mockito,21,2743,10721
Mockito,22,2705,10498
Mockito,23,5134,10405
Mockito,24,5468,10400
Mockito,25,4783,10035
Mockito,26,4793,9506
Mockito,27,4026,8316
Mockito,28,3381,7597
Mockito,29,4230,7569
Mockito,30,2116,7570
Mockito,31,2087,7568
Mockito,32,4093,7356
Mockito,33,3980,7332
Mockito,34,3660,6373
Mockito,35,3575,6161
Mockito,36,3329,6069
Mockito,37,3222,6061
Mockito,38,3517,5506
Time,1,8195,27795
Time,2,12079,27789
Time,3,12172,27767
Time,4,15547,27767
Time,5,3352,27658
Time,6,10806,27583
Time,7,14789,27414
Time,8,6691,27347
Time,9,6684,27340
Time,10,14769,27340
Time,11,9705,27329
Time,12,11928,27273
Time,13,10486,27262
Time,14,14607,27215
Time,15,306,27212
Time,16,14649,27214
Time,17,8537,27185
Time,18,9395,27171
Time,19,11854,27156
Time,20,11623,27150
Time,22,9562,26876
Time,23,3051,26871
Time,24,15676,26849
Time,25,11684,26796
Time,26,13791,26786
Time,27,12191,26589
Chart,1,13269
Chart,2,2529
Chart,3,1573
Chart,4,46753
Chart,5,528
Chart,6,1095
Chart,7,939
Chart,8,381
Chart,9,1930
Chart,10,141
Chart,11,302
Chart,12,8946
Chart,13,1723
Chart,14,11613
Chart,15,23144
Chart,16,656
Chart,17,2174
Chart,18,757
Chart,19,8473
Chart,20,969
Chart,21,1225
Chart,22,449
Chart,23,8579
Chart,24,65
Chart,25,21462
Chart,26,39571
Cli,1,1082
Cli,2,1083
Cli,3,1344
Cli,4,1067
Cli,5,963
Cli,7,1699
Cli,8,412
Cli,9,1120
Cli,10,1231
Cli,11,861
Cli,12,1026
Cli,13,1820
Cli,14,2248
Cli,15,2169
Cli,16,2713
Cli,17,1036
Cli,18,1029
Cli,19,1028
Cli,20,1032
Cli,21,2309
Cli,22,1140
Cli,23,943
Cli,24,845
Cli,25,845
Cli,26,450
Cli,27,1405
Cli,28,1257
Cli,29,29
Cli,30,1706
Cli,31,1036
Cli,32,422
Cli,33,573
Cli,34,1815
Cli,35,1279
Cli,36,699
Cli,37,1292
Cli,38,1296
Cli,39,1558
Cli,40,247
Closure,1,59903
Closure,2,38281
Closure,3,42031
Closure,4,39324
Closure,5,35982
Closure,6,39123
Closure,7,31524
Closure,8,34253
Closure,9,9241
Closure,10,35443
Closure,11,37900
Closure,12,41190
Closure,13,53195
Closure,14,40910
Closure,15,40295
Closure,16,45019
Closure,17,37569
Closure,18,39905
Closure,19,36830
Closure,20,35834
Closure,21,35309
Closure,22,35308
Closure,23,35125
Closure,24,32360
Closure,25,36339
Closure,26,55049
Closure,27,2247
Closure,28,37250
Closure,29,59857
Closure,30,39710
Closure,31,38142
Closure,32,39636
Closure,33,37096
Closure,34,7157
Closure,35,36992
Closure,36,57254
Closure,37,37967
Closure,38,27490
Closure,39,7720
Closure,40,41113
Closure,41,36322
Closure,42,9360
Closure,43,36302
Closure,44,26593
Closure,45,33574
Closure,46,8141
Closure,47,36721
Closure,48,34738
Closure,49,38142
Closure,50,32729
Closure,51,26522
Closure,52,26522
Closure,53,33307
Closure,54,39596
Closure,55,36566
Closure,56,24137
Closure,57,24885
Closure,58,29850
Closure,59,52584
Closure,60,56690
Closure,61,31239
Closure,62,385
Closure,64,48258
Closure,65,25332
Closure,66,33879
Closure,67,31146
Closure,68,11895
Closure,69,34272
Closure,70,34952
Closure,71,33914
Closure,72,33814
Closure,73,24643
Closure,74,31148
Closure,75,30333
Closure,76,30527
Closure,77,24474
Closure,78,30044
Closure,79,30294
Closure,80,22638
Closure,81,9872
Closure,82,32037
Closure,83,42980
Closure,84,9873
Closure,85,28141
Closure,86,35947
Closure,87,27421
Closure,88,45014
Closure,89,32786
Closure,90,30549
Closure,91,28366
Closure,92,25235
Closure,94,27590
Closure,95,31476
Closure,96,29626
Closure,97,23976
Closure,98,24072
Closure,99,25343
Closure,100,22498
Closure,101,36562
Closure,102,39895
Closure,103,30853
Closure,104,6557
Closure,105,22928
Closure,106,24469
Closure,107,66900
Closure,108,43227
Closure,109,13456
Closure,110,43006
Closure,111,34633
Closure,112,41485
Closure,113,36731
Closure,114,41010
Closure,115,41918
Closure,116,46487
Closure,117,41381
Closure,118,46811
Closure,119,42073
Closure,120,39271
Closure,121,39284
Closure,122,11263
Closure,123,31161
Closure,124,37454
Closure,125,40278
Closure,126,35169
Closure,127,35993
Closure,128,29131
Closure,129,55136
Closure,130,41099
Closure,131,35080
Closure,132,36245
Closure,133,12858
Closure,134,30702
Closure,135,30006
Closure,136,25295
Closure,137,24392
Closure,138,28374
Closure,139,23103
Closure,140,22170
Closure,141,35525
Closure,142,28159
Closure,143,37868
Closure,144,33473
Closure,145,15689
Closure,146,19136
Closure,147,31608
Closure,148,26661
Closure,149,38750
Closure,150,31286
Closure,151,39246
Closure,152,30529
Closure,153,30563
Closure,154,32926
Closure,155,33665
Closure,156,35717
Closure,157,36776
Closure,158,46915
Closure,159,33853
Closure,160,34006
Closure,161,32366
Closure,162,35979
Closure,163,32480
Closure,164,36617
Closure,165,37357
Closure,166,37022
Closure,167,38177
Closure,168,37729
Closure,169,38177
Closure,170,43250
Closure,171,44112
Closure,172,41165
Closure,173,38472
Closure,174,42940
Closure,175,46213
Closure,176,41765
Codec,1,1324
Codec,2,544
Codec,3,793
Codec,4,469
Codec,5,664
Codec,6,601
Codec,7,630
Codec,8,512
Codec,9,457
Codec,10,109
Codec,11,324
Codec,12,987
Codec,13,811
Codec,14,1048
Codec,15,154
Codec,16,489
Codec,17,114
Codec,18,125
Collections,25,963
Collections,26,81
Collections,27,431
Collections,28,1818
Compress,1,2100
Compress,2,2229
Compress,3,4145
Compress,4,3574
Compress,5,1286
Compress,6,250
Compress,7,102
Compress,8,129
Compress,9,4096
Compress,10,5599
Compress,11,3594
Compress,12,4176
Compress,13,3572
Compress,14,1169
Compress,15,1387
Compress,16,4993
Compress,17,1679
Compress,18,4906
Compress,19,3568
Compress,20,4419
Compress,21,7653
Compress,22,2349
Compress,23,7152
Compress,24,500
Compress,25,3218
Compress,26,78
Compress,27,496
Compress,28,1635
Compress,29,8088
Compress,30,2352
Compress,31,5409
Compress,32,2154
Compress,33,3810
Compress,34,649
Compress,35,7685
Compress,36,7713
Compress,37,1727
Compress,38,1727
Compress,39,4365
Compress,40,84
Compress,41,8354
Compress,42,5414
Compress,43,5838
Compress,44,48
Compress,45,497
Compress,46,362
Compress,47,3204
Csv,1,634
Csv,2,66
Csv,3,929
Csv,4,911
Csv,5,614
Csv,6,1007
Csv,7,1011
Csv,8,377
Csv,9,1030
Csv,10,639
Csv,11,1067
Csv,12,1058
Csv,13,1421
Csv,14,840
Csv,15,905
Csv,16,1504
Gson,1,4414
Gson,2,5081
Gson,3,5171
Gson,4,1421
Gson,5,645
Gson,6,5425
Gson,7,5227
Gson,8,74
Gson,9,319
Gson,10,5451
Gson,11,5483
Gson,12,2372
Gson,13,1116
Gson,14,5570
Gson,15,319
Gson,16,5496
Gson,17,2052
Gson,18,6057
JacksonCore,1,13170
JacksonCore,2,13029
JacksonCore,3,13108
JacksonCore,4,1251
JacksonCore,5,908
JacksonCore,6,915
JacksonCore,7,9385
JacksonCore,8,1281
JacksonCore,9,14212
JacksonCore,10,14471
JacksonCore,11,14382
JacksonCore,12,10479
JacksonCore,13,10373
JacksonCore,14,1444
JacksonCore,15,12186
JacksonCore,16,13349
JacksonCore,17,10120
JacksonCore,18,10134
JacksonCore,19,14061
JacksonCore,20,12835
JacksonCore,21,15571
JacksonCore,22,17397
JacksonCore,23,15675
JacksonCore,24,20826
JacksonCore,25,16478
JacksonCore,26,16977
JacksonDatabind,1,30663
JacksonDatabind,2,34892
JacksonDatabind,3,31844
JacksonDatabind,4,36008
JacksonDatabind,5,34380
JacksonDatabind,6,33234
JacksonDatabind,7,35826
JacksonDatabind,8,39563
JacksonDatabind,9,35983
JacksonDatabind,10,35976
JacksonDatabind,11,40093
JacksonDatabind,12,36343
JacksonDatabind,13,39458
JacksonDatabind,14,41464
JacksonDatabind,15,36752
JacksonDatabind,16,36664
JacksonDatabind,17,34253
JacksonDatabind,18,40606
JacksonDatabind,19,38386
JacksonDatabind,20,39667
JacksonDatabind,21,38039
JacksonDatabind,22,36445
JacksonDatabind,23,38002
JacksonDatabind,24,34893
JacksonDatabind,25,40687
JacksonDatabind,26,44959
JacksonDatabind,27,42591
JacksonDatabind,28,41140
JacksonDatabind,29,42400
JacksonDatabind,30,44215
JacksonDatabind,31,34588
JacksonDatabind,32,41299
JacksonDatabind,33,38447
JacksonDatabind,34,40459
JacksonDatabind,35,41657
JacksonDatabind,36,36500
JacksonDatabind,37,43789
JacksonDatabind,38,43049
JacksonDatabind,39,42685
JacksonDatabind,40,38974
JacksonDatabind,41,37320
JacksonDatabind,42,37336
JacksonDatabind,43,43064
JacksonDatabind,44,44678
JacksonDatabind,45,40577
JacksonDatabind,46,34869
JacksonDatabind,47,40796
JacksonDatabind,48,39482
JacksonDatabind,49,42395
JacksonDatabind,50,46918
JacksonDatabind,51,47249
JacksonDatabind,52,45559
JacksonDatabind,53,43030
JacksonDatabind,54,41571
JacksonDatabind,55,40678
JacksonDatabind,56,39976
JacksonDatabind,57,44102
JacksonDatabind,58,43678
JacksonDatabind,59,46781
JacksonDatabind,60,48677
JacksonDatabind,61,47498
JacksonDatabind,62,41103
JacksonDatabind,63,45979
JacksonDatabind,64,41981
JacksonDatabind,65,41007
JacksonDatabind,66,46125
JacksonDatabind,67,42615
JacksonDatabind,68,44197
JacksonDatabind,69,43681
JacksonDatabind,70,44087
JacksonDatabind,71,38595
JacksonDatabind,72,44060
JacksonDatabind,73,45823
JacksonDatabind,74,45539
JacksonDatabind,75,42191
JacksonDatabind,76,45480
JacksonDatabind,77,44718
JacksonDatabind,78,46059
JacksonDatabind,79,41053
JacksonDatabind,80,40320
JacksonDatabind,81,48373
JacksonDatabind,82,45952
JacksonDatabind,83,43475
JacksonDatabind,84,42062
JacksonDatabind,85,42312
JacksonDatabind,86,42091
JacksonDatabind,87,40965
JacksonDatabind,88,45969
JacksonDatabind,89,46456
JacksonDatabind,90,43913
JacksonDatabind,91,44354
JacksonDatabind,92,45025
JacksonDatabind,93,45873
JacksonDatabind,94,44829
JacksonDatabind,95,6699
JacksonDatabind,96,48399
JacksonDatabind,97,43502
JacksonDatabind,98,52163
JacksonDatabind,99,6700
JacksonDatabind,100,41571
JacksonDatabind,101,49503
JacksonDatabind,102,44486
JacksonDatabind,103,46302
JacksonDatabind,104,44519
JacksonDatabind,105,48963
JacksonDatabind,106,43965
JacksonDatabind,107,50368
JacksonDatabind,108,42564
JacksonDatabind,109,46471
JacksonDatabind,110,46286
JacksonDatabind,111,49196
JacksonDatabind,112,48898
JacksonXml,1,4323
JacksonXml,2,4307
JacksonXml,3,2376
JacksonXml,4,3977
JacksonXml,5,4218
JacksonXml,6,4284
Jsoup,1,2127
Jsoup,2,2128
Jsoup,3,2184
Jsoup,4,2217
Jsoup,5,4477
Jsoup,6,5242
Jsoup,7,4936
Jsoup,8,5217
Jsoup,9,2239
Jsoup,10,5208
Jsoup,11,5319
Jsoup,12,5410
Jsoup,13,9358
Jsoup,14,9299
Jsoup,15,8892
Jsoup,16,4224
Jsoup,17,8539
Jsoup,18,8614
Jsoup,19,8981
Jsoup,20,8740
Jsoup,21,9740
Jsoup,22,9608
Jsoup,23,9626
Jsoup,24,8856
Jsoup,25,7510
Jsoup,26,7125
Jsoup,27,86
Jsoup,28,7652
Jsoup,29,7581
Jsoup,30,7162
Jsoup,31,5426
Jsoup,32,7684
Jsoup,33,7099
Jsoup,34,6998
Jsoup,35,7100
Jsoup,36,8194
Jsoup,37,8002
Jsoup,38,7077
Jsoup,39,8119
Jsoup,40,7228
Jsoup,41,8303
Jsoup,42,9145
Jsoup,43,8420
Jsoup,44,7678
Jsoup,45,7768
Jsoup,46,8618
Jsoup,47,8476
Jsoup,48,961
Jsoup,49,2670
Jsoup,50,8000
Jsoup,51,8489
Jsoup,52,7207
Jsoup,53,8543
Jsoup,54,8684
Jsoup,55,8724
Jsoup,56,8032
Jsoup,57,8953
Jsoup,58,8829
Jsoup,59,8814
Jsoup,60,1344
Jsoup,61,9066
Jsoup,62,8113
Jsoup,63,8890
Jsoup,64,8109
Jsoup,65,8889
Jsoup,66,8708
Jsoup,67,9402
Jsoup,68,9450
Jsoup,69,10597
Jsoup,70,8427
Jsoup,71,9609
Jsoup,72,8222
Jsoup,73,8856
Jsoup,74,9500
Jsoup,75,9268
Jsoup,76,9274
Jsoup,77,7004
Jsoup,78,9912
Jsoup,79,9583
Jsoup,80,8054
Jsoup,81,9921
Jsoup,82,9903
Jsoup,83,8592
Jsoup,84,8707
Jsoup,85,188
Jsoup,86,7417
Jsoup,87,8588
Jsoup,88,8562
Jsoup,89,487
Jsoup,90,4264
Jsoup,91,6547
Jsoup,92,9450
Jsoup,93,10894
JxPath,1,14887
JxPath,2,15648
JxPath,3,14364
JxPath,4,13733
JxPath,5,13296
JxPath,6,12802
JxPath,7,13393
JxPath,8,13370
JxPath,9,13436
JxPath,10,14554
JxPath,11,15674
JxPath,12,14114
JxPath,13,14980
JxPath,14,15636
JxPath,15,14647
JxPath,16,14555
JxPath,17,15572
JxPath,18,15583
JxPath,19,12912
JxPath,20,12290
JxPath,21,15433
JxPath,22,13802
Lang,1,2889
Lang,3,2874
Lang,4,115
Lang,5,161
Lang,6,5033
Lang,7,3039
Lang,8,1378
Lang,9,1452
Lang,10,1449
Lang,11,109
Lang,12,105
Lang,13,146
Lang,14,2179
Lang,15,4001
Lang,16,2927
Lang,17,2491
Lang,18,1007
Lang,19,122
Lang,20,2103
Lang,21,582
Lang,22,443
Lang,23,867
Lang,24,2653
Lang,25,293
Lang,26,832
Lang,27,2852
Lang,28,113
Lang,29,1962
Lang,30,3716
Lang,31,3671
Lang,32,2088
Lang,33,2237
Lang,34,1496
Lang,35,1606
Lang,36,2714
Lang,37,1592
Lang,38,1004
Lang,39,1839
Lang,40,1805
Lang,41,459
Lang,42,1185
Lang,43,548
Lang,44,334
Lang,45,2066
Lang,46,441
Lang,47,1755
Lang,48,377
Lang,49,431
Lang,50,822
Lang,51,292
Lang,52,373
Lang,53,390
Lang,54,137
Lang,55,95
Lang,56,1000
Lang,57,314
Lang,58,2268
Lang,59,1526
Lang,60,1653
Lang,61,1653
Lang,62,787
Lang,63,1876
Lang,64,2055
Lang,65,390
Math,1,3972
Math,2,9606
Math,3,965
Math,4,5426
Math,5,526
Math,6,22544
Math,7,11342
Math,8,2028
Math,9,3493
Math,10,3561
Math,11,18752
Math,12,10337
Math,13,13664
Math,14,11992
Math,15,10429
Math,16,10428
Math,17,1848
Math,18,18835
Math,19,4720
Math,20,18711
Math,21,9290
Math,22,10137
Math,23,3960
Math,24,3933
Math,25,809
Math,26,3623
Math,27,3118
Math,28,10340
Math,29,5699
Math,30,10597
Math,31,11366
Math,32,6766
Math,33,9991
Math,34,498
Math,35,800
Math,36,1045
Math,37,8802
Math,38,8733
Math,39,10259
Math,40,3346
Math,41,2953
Math,42,9956
Math,43,9877
Math,44,11248
Math,45,2759
Math,46,4124
Math,47,4124
Math,48,4884
Math,49,5082
Math,50,4848
Math,51,4373
Math,52,4541
Math,53,1604
Math,54,4079
Math,55,2939
Math,56,3855
Math,57,4001
Math,58,4241
Math,59,4143
Math,60,3249
Math,61,3691
Math,62,3634
Math,63,2695
Math,64,1321
Math,65,7055
Math,66,3329
Math,67,1263
Math,68,1177
Math,69,6607
Math,70,440
Math,71,2291
Math,72,477
Math,73,705
Math,74,9174
Math,75,240
Math,76,9372
Math,77,8765
Math,78,945
Math,79,930
Math,80,8142
Math,81,8142
Math,82,4228
Math,83,4227
Math,84,540
Math,85,1048
Math,86,3167
Math,87,4209
Math,88,4211
Math,89,192
Math,90,188
Math,91,884
Math,92,495
Math,93,452
Math,94,439
Math,95,1005
Math,96,251
Math,97,443
Math,98,1511
Math,99,670
Math,100,1158
Math,101,241
Math,102,2157
Math,103,532
Math,104,334
Math,105,129
Math,106,341
Mockito,1,7346
Mockito,2,3977
Mockito,3,6247
Mockito,4,5909
Mockito,5,10433
Mockito,6,6583
Mockito,7,5106
Mockito,8,360
Mockito,9,6039
Mockito,10,4938
Mockito,11,2780
Mockito,12,4114
Mockito,13,4213
Mockito,14,3822
Mockito,15,3345
Mockito,16,3220
Mockito,17,2787
Mockito,18,2944
Mockito,19,4907
Mockito,20,6329
Mockito,21,2759
Mockito,22,2707
Mockito,23,5149
Mockito,24,5468
Mockito,25,4806
Mockito,26,4793
Mockito,27,4025
Mockito,28,3382
Mockito,29,4230
Mockito,30,2117
Mockito,31,2089
Mockito,32,4097
Mockito,33,3991
Mockito,34,3660
Mockito,35,3575
Mockito,36,3333
Mockito,37,3230
Mockito,38,3517
Time,1,8201
Time,2,12085
Time,3,12192
Time,4,15547
Time,5,3352
Time,6,10832
Time,7,14789
Time,8,6694
Time,9,6691
Time,10,14770
Time,11,9706
Time,12,11940
Time,13,10490
Time,14,14612
Time,15,309
Time,16,14649
Time,17,8550
Time,18,9407
Time,19,11854
Time,20,11629
Time,22,9567
Time,23,3052
Time,24,15681
Time,25,11693
Time,26,13800
Time,27,12193
